"Sample Name_pcr1","Primer_name_pcr1","filename_pcr1","delta_rn_pcr1","CT_pcr1","Tm1_pcr1","Tm2_pcr1","Tm3_pcr1","Tm4_pcr1","Annealing_temperature_pcr1","Primer_concentration_pcr1","Primer_volume_pcr1","Sample_volume_pcr1","Comments_pcr1","pool_group_pcr1","pool_vol_pcr1"
"173","16S","2022-10-17_griffin_16S_plate1",1.4614839553833,40.6589635213216,82.789067586263,NA,NA,NA,55,10,0.5,4.4,"passive",3,2.5
"173","Lutjanidae1","2022-10-12_griffin_lutjanidae1_plate1",2.14693856239319,32.4217878977458,83.1340179443359,72.0027008056641,NA,NA,65,10,0.5,4.4,"passive",4,1.7
"174","16S","2022-10-17_griffin_16S_plate1",0.795873532692592,45.113712310791,81.64906056722,NA,NA,NA,55,10,0.5,4.4,"passive",2,4.1
"174","Lutjanidae1","2022-10-12_griffin_lutjanidae1_plate1",2.51924006144206,33.2220541636149,83.5590998331706,NA,NA,NA,65,10,0.5,4.4,"passive",5,1.4
"175","16S","2022-10-17_griffin_16S_plate1",1.50042080879212,41.9803962707519,80.6850484212239,NA,NA,NA,55,10,0.5,4.4,"passive",3,2.5
"175","Lutjanidae1","2022-10-12_griffin_lutjanidae1_plate1",2.67937469482422,36.4248453776042,82.7505594889323,NA,NA,NA,65,10,0.5,4.4,"passive",5,1.4
"182","16S","2022-10-17_griffin_16S_plate1",2.70457704861959,37.0920397440592,84.9270629882813,NA,NA,NA,55,10,0.5,4.4,"passive",5,1.4
"182","Lutjanidae1","2022-10-12_griffin_lutjanidae1_plate1",2.4950757821401,28.5014152526855,83.4449284871419,NA,NA,NA,65,10,0.5,4.4,"passive",5,1.4
"183","16S","2022-10-17_griffin_16S_plate1",0.981448203325272,27.1531410217285,71.8925272623698,NA,NA,NA,55,10,0.5,4.4,"passive",2,4.1
"183","Lutjanidae1","2022-10-12_griffin_lutjanidae1_plate1",2.1779576142629,31.5745735168457,83.2252197265625,NA,NA,NA,65,10,0.5,4.4,"passive",4,1.7
"184","16S","2022-10-17_griffin_16S_plate1",2.33659768104553,38.0666974385579,83.9516754150391,NA,NA,NA,55,10,0.5,4.4,"passive",4,1.7
"184","Lutjanidae1","2022-10-12_griffin_lutjanidae1_plate1",2.32341329256694,33.11394627889,82.6075642903646,NA,NA,NA,65,10,0.5,4.4,"passive",4,1.7
"188","16S","2022-10-17_griffin_16S_plate1",2.95067397753398,37.2516835530599,85.0174204508464,NA,NA,NA,55,10,0.5,4.4,"passive",5,1.4
"188","Lutjanidae1","2022-10-12_griffin_lutjanidae1_plate1",2.41743699709574,31.002140045166,83.5005544026693,NA,NA,NA,65,10,0.5,4.4,"passive",5,1.4
"189","16S","2022-10-17_griffin_16S_plate1",1.58473394314448,41.627316792806,80.7833073933919,NA,NA,NA,55,10,0.5,4.4,"passive",3,2.5
"189","Lutjanidae1","2022-10-12_griffin_lutjanidae1_plate1",2.50473006566366,29.8076171875,86.4390411376953,NA,NA,NA,65,10,0.5,4.4,"passive",5,1.4
"190","16S","2022-10-17_griffin_16S_plate1",2.18399826685587,40.4563700358073,84.0322799682617,NA,NA,NA,55,10,0.5,4.4,"passive",4,1.7
"190","Lutjanidae1","2022-10-12_griffin_lutjanidae1_plate1",2.3974974155426,35.0821940104167,83.079231262207,NA,NA,NA,65,10,0.5,4.4,"passive",5,1.4
"200","16S","2022-10-17_griffin_16S_plate1",1.49278886243701,26.1421152750651,70.9763107299805,NA,NA,NA,55,10,0.5,4.4,"passive",3,2.5
"200","Lutjanidae1","2022-10-12_griffin_lutjanidae1_plate1",2.46535547574361,31.3292725880941,82.77281443278,NA,NA,NA,65,10,0.5,4.4,"passive",5,1.4
"201","16S","2022-10-17_griffin_16S_plate1",0.611376377443471,41.8761876424153,67.5036595662435,NA,NA,NA,55,10,0.5,4.4,"passive",2,4.1
"201","Lutjanidae1","2022-10-12_griffin_lutjanidae1_plate1",2.15818246205648,33.2617390950521,82.6948420206705,NA,NA,NA,65,10,0.5,4.4,"passive",4,1.7
"202","16S","2022-10-17_griffin_16S_plate1",2.80509948730469,37.8865928649902,82.7340138753255,NA,NA,NA,55,10,0.5,4.4,"passive",5,1.4
"202","Lutjanidae1","2022-10-12_griffin_lutjanidae1_plate1",2.51260360081991,31.3511950174967,83.4082056681315,NA,NA,NA,65,10,0.5,4.4,"passive",5,1.4
"206","16S","2022-10-17_griffin_16S_plate1",1.29034341871738,26.2967859903971,71.5282020568848,NA,NA,NA,55,10,0.5,4.4,"passive",3,2.5
"206","Lutjanidae1","2022-10-12_griffin_lutjanidae1_plate1",2.29829335212708,34.1348050435384,81.8906733194987,NA,NA,NA,65,10,0.5,4.4,"passive",4,1.7
"207","16S","2022-10-17_griffin_16S_plate1",0.421810353795689,14.3884518941243,63.9919179280599,NA,NA,NA,55,10,0.5,4.4,"passive",1,4.8
"207","Lutjanidae1","2022-10-12_griffin_lutjanidae1_plate1",2.28334045410156,37.4929097493489,81.9319559733073,NA,NA,NA,65,10,0.5,4.4,"passive",4,1.7
"208","16S","2022-10-17_griffin_16S_plate1",0.037174198621263,16.271780649821,55.3485501607259,NA,NA,NA,55,10,0.5,4.4,"passive",1,4.8
"208","Lutjanidae1","2022-10-12_griffin_lutjanidae1_plate1",2.39229718844096,30.4202098846436,83.1528828938802,NA,NA,NA,65,10,0.5,4.4,"passive",5,1.4
"212","16S","2022-10-17_griffin_16S_plate1",1.96233304341634,38.6801109313965,80.9295399983724,NA,NA,NA,55,10,0.5,4.4,"passive",4,1.7
"212","Lutjanidae1","2022-10-12_griffin_lutjanidae1_plate1",2.4547312259674,32.6181290944417,82.9144897460937,NA,NA,NA,65,10,0.5,4.4,"passive",5,1.4
"213","16S","2022-10-17_griffin_16S_plate1",0.49452014795194,30.3487065633138,72.2960319519043,NA,NA,NA,55,10,0.5,4.4,"passive",1,4.8
"213","Lutjanidae1","2022-10-12_griffin_lutjanidae1_plate1",2.40585088729859,32.4235204060872,82.8599650065104,NA,NA,NA,65,10,0.5,4.4,"passive",5,1.4
"214","16S","2022-10-17_griffin_16S_plate1",0.679699069199461,12.4389724731445,63.8459116617838,NA,NA,NA,55,10,0.5,4.4,"passive",2,4.1
"214","Lutjanidae1","2022-10-12_griffin_lutjanidae1_plate1",2.29755791028341,32.3536485036214,83.1567484537761,NA,NA,NA,65,10,0.5,4.4,"passive",4,1.7
"230_WC","16S","2022-10-17_griffin_16S_plate1",0.180926611026128,31.4344736735026,64.5267804463705,NA,NA,NA,55,10,0.5,4.4,"control_passive",1,4.8
"230_WC","Lutjanidae1","2022-10-12_griffin_lutjanidae1_plate1",2.23413832982381,37.3350245157877,81.9463500976563,NA,NA,NA,65,10,0.5,4.4,"control_passive",4,1.7
"279_WC","16S","2022-10-17_griffin_16S_plate1",0.474814062317212,46.4182065327962,78.431521097819,NA,NA,NA,55,10,0.5,4.4,"control_passive",1,4.8
"279_WC","Lutjanidae1","2022-10-12_griffin_lutjanidae1_plate1",2.55636294682821,36.3191922505697,82.0784454345703,NA,NA,NA,65,10,0.5,4.4,"control_passive",5,1.4
"521","16S","2022-10-17_griffin_16S_plate1",0.0127005521208048,0,55.0012334187826,NA,NA,NA,55,10,0.5,4.4,"passive",1,4.8
"521","Lutjanidae1","2022-10-12_griffin_lutjanidae1_plate1",2.38060649236043,33.0159982045492,82.4392954508463,NA,NA,NA,65,10,0.5,4.4,"passive",5,1.4
"522","16S","2022-10-17_griffin_16S_plate1",-0.0269681555218995,0,55.3671811421712,NA,NA,NA,55,10,0.5,4.4,"passive",1,4.8
"522","Lutjanidae1","2022-10-12_griffin_lutjanidae1_plate1",0.821404399971168,28.4701410929362,77.8053690592448,NA,NA,NA,65,10,0.5,4.4,"passive",2,4.1
"523","16S","2022-10-17_griffin_16S_plate1",-0.114895368926227,0,55.0379257202148,NA,NA,NA,55,10,0.5,4.4,"passive",1,4.8
"523","Lutjanidae1","2022-10-12_griffin_lutjanidae1_plate1",2.07582434018453,35.1933759053548,78.3308080037435,NA,NA,NA,65,10,0.5,4.4,"passive",4,1.7
"533","16S","2022-10-17_griffin_16S_plate1",0.00765800755470989,0,55.6041412353516,NA,NA,NA,55,10,0.5,4.4,"passive",1,4.8
"533","Lutjanidae1","2022-10-12_griffin_lutjanidae1_plate1",1.68054322401682,38.4470189412435,79.9207026163737,NA,NA,NA,65,10,0.5,4.4,"passive",3,2.5
"534","16S","2022-10-17_griffin_16S_plate1",-0.0933526506026585,0,55.3302434285482,NA,NA,NA,55,10,0.5,4.4,"passive",1,4.8
"534","Lutjanidae1","2022-10-12_griffin_lutjanidae1_plate1",1.98125942548116,35.3807436625163,79.6569849650065,NA,NA,NA,65,10,0.5,4.4,"passive",4,1.7
"535","16S","2022-10-17_griffin_16S_plate1",1.28256552666426,25.5703048706055,70.8934478759766,NA,NA,NA,55,10,0.5,4.4,"passive",3,2.5
"535","Lutjanidae1","2022-10-12_griffin_lutjanidae1_plate1",2.44778823852539,32.1913585662842,82.731704711914,NA,NA,NA,65,10,0.5,4.4,"passive",5,1.4
"545_WC","16S","2022-10-17_griffin_16S_plate1",0.446248836815359,14.3443781534831,63.3544476826986,NA,NA,NA,55,10,0.5,4.4,"control_passive",1,4.8
"545_WC","Lutjanidae1","2022-10-12_griffin_lutjanidae1_plate1",2.09428389867147,38.803601582845,82.5303573608399,NA,NA,NA,65,10,0.5,4.4,"control_passive",4,1.7
"634","16S","2022-07-19_fieldtrip2_16S_plate1",2.14099971453349,37.9202054341634,83.6686375935872,NA,NA,NA,55,10,0.5,4.4,"sentino",4,1.7
"634","16SNEST","2022-11-10_fieldtrip2_16SNEST_plate1",1.38308167457581,31.9960842132569,82.2979405721029,78.339838663737,NA,NA,55,10,0.5,4.4,"sentino",3,2.5
"634","Lutjanidae1","2022-07-19_fieldtrip2_lutjanidae_plate1",1.5629479487737,34.846300760905,82.5873616536458,NA,NA,NA,65,10,0.5,4.4,"sentino",3,2.5
"635","16S","2022-07-19_fieldtrip2_16S_plate1",1.53308726164202,25.3369267781576,73.6999702453613,NA,NA,NA,55,10,0.5,4.4,"sentino",3,2.5
"635","16SNEST","2022-11-10_fieldtrip2_16SNEST_plate1",1.08029154936473,31.8489526112874,80.8835703531901,80.0397771199545,NA,NA,55,10,0.5,4.4,"sentino",2,4.1
"635","Lutjanidae1","2022-07-19_fieldtrip2_lutjanidae_plate1",2.17884850502014,34.8892529805502,83.2697423299154,NA,NA,NA,65,10,0.5,4.4,"sentino",4,1.7
"636","16S","2022-07-19_fieldtrip2_16S_plate1",2.36587977409363,36.4951845804851,85.6499786376953,NA,NA,NA,55,10,0.5,4.4,"sentino",5,1.4
"636","16SNEST","2022-11-10_fieldtrip2_16SNEST_plate1",1.32757143179576,31.7150688171387,83.1490122477213,79.6487401326497,NA,NA,55,10,0.5,4.4,"sentino",3,2.5
"636","Lutjanidae1","2022-07-19_fieldtrip2_lutjanidae_plate1",2.26780454317729,32.358367284139,83.3469212849935,NA,NA,NA,65,10,0.5,4.4,"sentino",4,1.7
"637_WC","16S","2022-07-19_fieldtrip2_16S_plate1",1.5413125405709,25.1103083292643,69.4441299438477,NA,NA,NA,55,10,0.5,4.4,"control_sentino",3,2.5
"637_WC","16SNEST","2022-11-10_fieldtrip2_16SNEST_plate1",1.90982472896576,28.8982302347819,80.9880218505859,NA,NA,NA,55,10,0.5,4.4,"control_sentino",4,1.7
"637_WC","Lutjanidae1","2022-07-19_fieldtrip2_lutjanidae_plate1",2.20787247021993,30.6950155893962,83.3098220825196,NA,NA,NA,65,10,0.5,4.4,"control_sentino",4,1.7
"677","16S","2022-07-19_fieldtrip2_16S_plate1",1.57391798496246,40.782906850179,84.2899475097656,NA,NA,NA,55,10,0.5,4.4,"sentino",3,2.5
"677","16SNEST","2022-11-10_fieldtrip2_16SNEST_plate1",1.54411061604818,32.0938250223795,82.9374135335287,NA,NA,NA,55,10,0.5,4.4,"sentino",3,2.5
"677","Lutjanidae1","2022-07-19_fieldtrip2_lutjanidae_plate1",2.39617117245992,35.2502950032552,82.659901936849,NA,NA,NA,65,10,0.5,4.4,"sentino",5,1.4
"678","16S","2022-07-19_fieldtrip2_16S_plate1",1.5516783396403,40.5112724304199,83.6227595011393,NA,NA,NA,55,10,0.5,4.4,"sentino",3,2.5
"678","16SNEST","2022-11-10_fieldtrip2_16SNEST_plate1",0.906060616175334,33.3791351318359,81.1582946777344,82.0352478027344,80.8807678222656,NA,55,10,0.5,4.4,"sentino",2,4.1
"678","Lutjanidae1","2022-07-19_fieldtrip2_lutjanidae_plate1",1.65574594338735,37.4214935302734,82.7623011271159,NA,NA,NA,65,10,0.5,4.4,"sentino",3,2.5
"679","16S","2022-07-19_fieldtrip2_16S_plate1",1.31656432151794,42.9672520955404,84.1659215291341,NA,NA,NA,55,10,0.5,4.4,"sentino",3,2.5
"679","16SNEST","2022-11-10_fieldtrip2_16SNEST_plate1",1.44036769866943,33.1493161519368,83.1672617594401,85.2576039632161,NA,NA,55,10,0.5,4.4,"sentino",3,2.5
"679","Lutjanidae1","2022-07-19_fieldtrip2_lutjanidae_plate1",2.43427848815918,36.0278854370117,83.4013086954752,NA,NA,NA,65,10,0.5,4.4,"sentino",5,1.4
"680_WC","16S","2022-07-19_fieldtrip2_16S_plate1",0.898216292262076,29.5017534891764,67.1820780436198,NA,NA,NA,55,10,0.5,4.4,"control_sentino",2,4.1
"680_WC","16SNEST","2022-11-10_fieldtrip2_16SNEST_plate1",2.06613985697428,32.9252217610677,81.8848419189453,NA,NA,NA,55,10,0.5,4.4,"control_sentino",4,1.7
"680_WC","Lutjanidae1","2022-07-19_fieldtrip2_lutjanidae_plate1",2.20328974723816,29.0974248250325,83.2555414835612,68.6724548339844,82.9282302856445,NA,65,10,0.5,4.4,"control_sentino",4,1.7
"681_BC","16S","2022-10-14_fieldtrip2_16S_plate3",-0.00594644295051696,0,64.3873011271159,NA,NA,NA,55,10,0.5,4.4,"control_bleach_sentino",1,4.8
"681_BC","16SNEST","2022-10-24_fieldtrip2_16SNEST_plate3",1.39467084407806,36.2345110575358,82.0972391764323,NA,NA,NA,55,10,0.5,4.4,"control_bleach_sentino",3,2.5
"681_BC","Lutjanidae1","2022-07-19_fieldtrip2_lutjanidae_plate1",1.89367123444875,33.0888487497966,77.4160003662109,NA,NA,NA,65,10,0.5,4.4,"control_bleach_sentino",4,1.7
"682","16S","2022-07-19_fieldtrip2_16S_plate1",1.37389691670736,42.9354578653971,83.9605534871419,NA,NA,NA,55,10,0.5,4.4,"sentino",3,2.5
"682","16SNEST","2022-11-10_fieldtrip2_16SNEST_plate1",2.02345716953277,34.1807505289714,82.8827056884766,NA,NA,NA,55,10,0.5,4.4,"sentino",4,1.7
"682","Lutjanidae1","2022-07-19_fieldtrip2_lutjanidae_plate1",2.14599871635437,37.472531636556,82.3879369099935,NA,NA,NA,65,10,0.5,4.4,"sentino",4,1.7
"683","16S","2022-07-19_fieldtrip2_16S_plate1",0.492514574279388,14.3807017008464,63.4653714497884,NA,NA,NA,55,10,0.5,4.4,"sentino",1,4.8
"683","16SNEST","2022-11-10_fieldtrip2_16SNEST_plate1",1.98936315377553,34.6384251912435,82.2024892171224,NA,NA,NA,55,10,0.5,4.4,"sentino",4,1.7
"683","Lutjanidae1","2022-07-19_fieldtrip2_lutjanidae_plate1",2.03740851084391,38.2672754923503,82.4358647664388,NA,NA,NA,65,10,0.5,4.4,"sentino",4,1.7
"684","16S","2022-07-19_fieldtrip2_16S_plate1",1.32706485191981,42.6483968098958,84.294319152832,NA,NA,NA,55,10,0.5,4.4,"sentino",3,2.5
"684","16SNEST","2022-11-10_fieldtrip2_16SNEST_plate1",1.29592188199361,33.8109359741211,82.7272288004557,NA,NA,NA,55,10,0.5,4.4,"sentino",3,2.5
"684","Lutjanidae1","2022-07-19_fieldtrip2_lutjanidae_plate1",1.5226626197497,40.747060139974,82.2592010498047,NA,NA,NA,65,10,0.5,4.4,"sentino",3,2.5
"685_WC","16S","2022-07-19_fieldtrip2_16S_plate1",0.57137367129326,47.4740002950033,83.246576944987,NA,NA,NA,55,10,0.5,4.4,"control_sentino",2,4.1
"685_WC","16SNEST","2022-11-10_fieldtrip2_16SNEST_plate1",1.65236183007558,30.9714126586914,80.9880218505859,NA,NA,NA,55,10,0.5,4.4,"control_sentino",3,2.5
"685_WC","Lutjanidae1","2022-07-19_fieldtrip2_lutjanidae_plate1",2.13133192062378,29.8707103729248,83.273546854655,NA,NA,NA,65,10,0.5,4.4,"control_sentino",4,1.7
"686","16S","2022-07-19_fieldtrip2_16S_plate1",1.66209288438161,39.4925244649251,84.4177322387695,NA,NA,NA,55,10,0.5,4.4,"sentino",3,2.5
"686","16SNEST","2022-11-10_fieldtrip2_16SNEST_plate1",0.954619785149892,33.0361620585124,83.2675603230794,86.9932301839193,84.9729715983073,73.3112881978353,55,10,0.5,4.4,"sentino",2,4.1
"686","Lutjanidae1","2022-07-19_fieldtrip2_lutjanidae_plate1",1.64564526081085,35.2265472412109,82.6054916381836,NA,NA,NA,65,10,0.5,4.4,"sentino",3,2.5
"687","16S","2022-07-19_fieldtrip2_16S_plate1",1.52609578768412,41.4794209798177,83.9522705078125,NA,NA,NA,55,10,0.5,4.4,"sentino",3,2.5
"687","16SNEST","2022-11-10_fieldtrip2_16SNEST_plate1",1.21251293023427,33.5727081298828,81.3417154947917,NA,NA,NA,55,10,0.5,4.4,"sentino",3,2.5
"687","Lutjanidae1","2022-07-19_fieldtrip2_lutjanidae_plate1",1.50928664207458,37.9107208251953,85.7360305786133,NA,NA,NA,65,10,0.5,4.4,"sentino",3,2.5
"688","16S","2022-07-19_fieldtrip2_16S_plate1",1.64515465497971,41.8116798400879,82.8837000528971,NA,NA,NA,55,10,0.5,4.4,"sentino",3,2.5
"688","16SNEST","2022-11-10_fieldtrip2_16SNEST_plate1",1.79881640275319,34.5790074666341,81.0232594807943,NA,NA,NA,55,10,0.5,4.4,"sentino",4,1.7
"688","Lutjanidae1","2022-07-19_fieldtrip2_lutjanidae_plate1",2.2442102432251,37.5000025431315,83.2017644246419,NA,NA,NA,65,10,0.5,4.4,"sentino",4,1.7
"689_WC","16S","2022-07-19_fieldtrip2_16S_plate1",0.920585811138153,45.8915799458821,82.3683649698893,NA,NA,NA,55,10,0.5,4.4,"control_sentino",2,4.1
"689_WC","16SNEST","2022-11-10_fieldtrip2_16SNEST_plate1",2.65927108128866,32.8644638061523,81.5918324788412,NA,NA,NA,55,10,0.5,4.4,"control_sentino",5,1.4
"689_WC","Lutjanidae1","2022-07-19_fieldtrip2_lutjanidae_plate1",2.50932502746582,29.6858189900716,83.0564295450846,NA,NA,NA,65,10,0.5,4.4,"control_sentino",5,1.4
"690","16S","2022-07-19_fieldtrip2_16S_plate1",0.23137306177523,14.622257232666,64.936289469401,NA,NA,NA,55,10,0.5,4.4,"sentino",1,4.8
"690","16SNEST","2022-11-10_fieldtrip2_16SNEST_plate1",0.482627302408218,35.635129292806,73.9802233378092,NA,NA,NA,55,10,0.5,4.4,"sentino",1,4.8
"690","Lutjanidae1","2022-07-19_fieldtrip2_lutjanidae_plate1",0.908879220485687,39.5433718363444,82.8049621582031,NA,NA,NA,65,10,0.5,4.4,"sentino",2,4.1
"691","16S","2022-07-19_fieldtrip2_16S_plate1",1.53724153836568,41.076468149821,83.6043446858724,NA,NA,NA,55,10,0.5,4.4,"sentino",3,2.5
"691","16SNEST","2022-11-10_fieldtrip2_16SNEST_plate1",1.03830422957738,34.2980079650879,82.8619867960612,82.6579004923502,76.395741780599,NA,55,10,0.5,4.4,"sentino",2,4.1
"691","Lutjanidae1","2022-07-19_fieldtrip2_lutjanidae_plate1",1.78908356030782,37.1011644999186,82.9067993164063,NA,NA,NA,65,10,0.5,4.4,"sentino",4,1.7
"692","16S","2022-07-19_fieldtrip2_16S_plate1",1.20285348097483,43.0335845947266,82.8826395670573,NA,NA,NA,55,10,0.5,4.4,"sentino",3,2.5
"692","16SNEST","2022-11-10_fieldtrip2_16SNEST_plate1",0.950065175692242,34.1713282267252,81.9029057820638,72.0073750813802,66.6365865071615,79.5414225260417,55,10,0.5,4.4,"sentino",2,4.1
"692","Lutjanidae1","2022-07-19_fieldtrip2_lutjanidae_plate1",1.9052122036616,35.5837160746256,82.2593282063802,NA,NA,NA,65,10,0.5,4.4,"sentino",4,1.7
"693_WC","16S","2022-07-19_fieldtrip2_16S_plate1",1.15761833793173,27.5690930684407,71.6083602905274,NA,NA,NA,55,10,0.5,4.4,"control_sentino",3,2.5
"693_WC","16SNEST","2022-11-10_fieldtrip2_16SNEST_plate1",2.17650651931763,35.6823272705078,81.4637120564779,82.7472152709961,NA,NA,55,10,0.5,4.4,"control_sentino",4,1.7
"693_WC","Lutjanidae1","2022-07-19_fieldtrip2_lutjanidae_plate1",2.00698415438334,31.5205370585123,82.7130915323893,NA,NA,NA,65,10,0.5,4.4,"control_sentino",4,1.7
"694","16S","2022-07-19_fieldtrip2_16S_plate1",1.35107598702113,43.3552474975586,83.340072631836,NA,NA,NA,55,10,0.5,4.4,"sentino",3,2.5
"694","16SNEST","2022-11-10_fieldtrip2_16SNEST_plate1",2.22813622156779,32.9680722554525,82.7359771728516,NA,NA,NA,55,10,0.5,4.4,"sentino",4,1.7
"694","Lutjanidae1","2022-07-19_fieldtrip2_lutjanidae_plate1",2.26641321182251,36.1284370422363,83.6751124064128,NA,NA,NA,65,10,0.5,4.4,"sentino",4,1.7
"695","16S","2022-07-19_fieldtrip2_16S_plate1",0.799931337436042,28.7618649800618,82.6149113972982,NA,NA,NA,55,10,0.5,4.4,"sentino",2,4.1
"695","16SNEST","2022-11-10_fieldtrip2_16SNEST_plate1",1.25588365395864,33.7201105753581,82.6421330769857,NA,NA,NA,55,10,0.5,4.4,"sentino",3,2.5
"695","Lutjanidae1","2022-07-19_fieldtrip2_lutjanidae_plate1",1.98755558331808,33.4700832366943,79.4980799357096,NA,NA,NA,65,10,0.5,4.4,"sentino",4,1.7
"696","16S","2022-07-19_fieldtrip2_16S_plate1",0.932966311772664,42.9754625956218,84.2027130126953,NA,NA,NA,55,10,0.5,4.4,"sentino",2,4.1
"696","16SNEST","2022-11-10_fieldtrip2_16SNEST_plate1",0.944535553455354,37.0643742879232,83.2589645385742,NA,NA,NA,55,10,0.5,4.4,"sentino",2,4.1
"696","Lutjanidae1","2022-07-19_fieldtrip2_lutjanidae_plate1",0.927556653817495,40.5326385498047,81.6789957682292,NA,NA,NA,65,10,0.5,4.4,"sentino",2,4.1
"697_WC","16S","2022-07-19_fieldtrip2_16S_plate1",2.20952757199605,38.9753100077311,79.2169036865234,78.3375473022461,NA,NA,55,10,0.5,4.4,"control_sentino",4,1.7
"697_WC","16SNEST","2022-11-10_fieldtrip2_16SNEST_plate1",2.56882309913635,31.8825066884358,81.7566223144531,NA,NA,NA,55,10,0.5,4.4,"control_sentino",5,1.4
"697_WC","Lutjanidae1","2022-07-19_fieldtrip2_lutjanidae_plate1",2.28865893681844,31.8176911671957,82.3692779541016,NA,NA,NA,65,10,0.5,4.4,"control_sentino",4,1.7
"702","16S","2022-07-19_fieldtrip2_16S_plate1",2.10374633471171,39.5025545756022,84.2714487711589,NA,NA,NA,55,10,0.5,4.4,"sentino",4,1.7
"702","16SNEST","2022-11-10_fieldtrip2_16SNEST_plate1",2.0297448237737,31.3614692687988,83.2668609619141,NA,NA,NA,55,10,0.5,4.4,"sentino",4,1.7
"702","Lutjanidae1","2022-07-19_fieldtrip2_lutjanidae_plate1",2.74088295300802,33.6663093566894,82.5511144002279,NA,NA,NA,65,10,0.5,4.4,"sentino",5,1.4
"703","16S","2022-07-19_fieldtrip2_16S_plate1",1.39239887396494,42.4605560302734,84.0253423055013,NA,NA,NA,55,10,0.5,4.4,"sentino",3,2.5
"703","16SNEST","2022-11-10_fieldtrip2_16SNEST_plate1",2.41305136680603,32.3283665974935,83.0816650390625,NA,NA,NA,55,10,0.5,4.4,"sentino",5,1.4
"703","Lutjanidae1","2022-07-19_fieldtrip2_lutjanidae_plate1",2.459525903066,34.2466163635254,85.5343933105469,NA,NA,NA,65,10,0.5,4.4,"sentino",5,1.4
"704","16S","2022-07-19_fieldtrip2_16S_plate1",0.0293312296271323,14.7924029032389,55.0003662109375,NA,NA,NA,55,10,0.5,4.4,"sentino",1,4.8
"704","16SNEST","2022-11-10_fieldtrip2_16SNEST_plate1",2.28141760826111,33.3715591430664,82.874142964681,NA,NA,NA,55,10,0.5,4.4,"sentino",4,1.7
"704","Lutjanidae1","2022-07-19_fieldtrip2_lutjanidae_plate1",2.07716604073842,37.7787195841471,81.4069417317708,NA,NA,NA,65,10,0.5,4.4,"sentino",4,1.7
"705_WC","16S","2022-07-19_fieldtrip2_16S_plate1",0.814350112030903,29.480842590332,68.0601704915365,NA,NA,NA,55,10,0.5,4.4,"control_sentino",2,4.1
"705_WC","16SNEST","2022-11-10_fieldtrip2_16SNEST_plate1",1.90509231885274,32.5563462575277,81.7932306925456,80.6599655151367,NA,NA,55,10,0.5,4.4,"control_sentino",4,1.7
"705_WC","Lutjanidae1","2022-07-19_fieldtrip2_lutjanidae_plate1",2.31510559717814,33.3603731791178,82.9119338989258,NA,NA,NA,65,10,0.5,4.4,"control_sentino",4,1.7
"710","16S","2022-07-19_fieldtrip2_16S_plate1",1.22231650352478,42.6939328511556,82.9561894734701,NA,NA,NA,55,10,0.5,4.4,"sentino",3,2.5
"710","16SNEST","2022-11-10_fieldtrip2_16SNEST_plate1",2.30523602167766,31.3262386322022,82.9923858642578,NA,NA,NA,55,10,0.5,4.4,"sentino",4,1.7
"710","Lutjanidae1","2022-07-19_fieldtrip2_lutjanidae_plate1",2.3134392897288,37.1105779012044,81.7895431518555,NA,NA,NA,65,10,0.5,4.4,"sentino",4,1.7
"711","16S","2022-07-19_fieldtrip2_16S_plate1",-0.0115541288008292,0,55.3300933837891,NA,NA,NA,55,10,0.5,4.4,"sentino",1,4.8
"711","16SNEST","2022-11-10_fieldtrip2_16SNEST_plate1",1.0831538438797,37.2393608093262,83.7962010701498,NA,NA,NA,55,10,0.5,4.4,"sentino",2,4.1
"711","Lutjanidae1","2022-07-19_fieldtrip2_lutjanidae_plate1",0.639377360542614,44.5491536458333,83.1423899332683,NA,NA,NA,65,10,0.5,4.4,"sentino",2,4.1
"712","16S","2022-07-19_fieldtrip2_16S_plate1",2.8337574005127,35.7500419616699,84.4408671061198,NA,NA,NA,55,10,0.5,4.4,"sentino",5,1.4
"712","16SNEST","2022-11-10_fieldtrip2_16SNEST_plate1",2.40332674980163,30.9409821828206,83.4239247639974,NA,NA,NA,55,10,0.5,4.4,"sentino",5,1.4
"712","Lutjanidae1","2022-07-19_fieldtrip2_lutjanidae_plate1",1.03691682219505,44.7182604471842,82.2953872680664,NA,NA,NA,65,10,0.5,4.4,"sentino",2,4.1
"713_WC","16S","2022-10-14_fieldtrip2_16S_plate2",0.745419109861055,29.4461771647135,71.7924588521322,NA,NA,NA,55,10,0.5,4.4,"control_sentino",2,4.1
"713_WC","16SNEST","2022-10-24_fieldtrip2_16SNEST_plate2",2.39803711573283,36.6382128397624,81.2914047241211,NA,NA,NA,55,10,0.5,4.4,"control_sentino",5,1.4
"713_WC","Lutjanidae1","2022-07-19_fieldtrip2_lutjanidae_plate1",2.41868456204732,37.0025418599447,80.1087773640951,NA,NA,NA,65,10,0.5,4.4,"control_sentino",5,1.4
"714","16S","2022-10-14_fieldtrip2_16S_plate2",0.919622639815013,41.3494211832682,83.4822463989258,NA,NA,NA,55,10,0.5,4.4,"sentino",2,4.1
"714","16SNEST","2022-10-24_fieldtrip2_16SNEST_plate2",0.56670198837916,34.2753092447917,81.0495986938476,NA,NA,NA,55,10,0.5,4.4,"sentino",2,4.1
"714","Lutjanidae1","2022-07-19_fieldtrip2_lutjanidae_plate1",0.958073576291404,42.7861480712891,82.7242940266927,NA,NA,NA,65,10,0.5,4.4,"sentino",2,4.1
"715","16S","2022-10-14_fieldtrip2_16S_plate2",2.40566500027974,38.1469942728678,83.4308471679688,NA,NA,NA,55,10,0.5,4.4,"sentino",5,1.4
"715","16SNEST","2022-10-24_fieldtrip2_16SNEST_plate2",2.18302909533183,31.7392444610596,81.7850824991862,NA,NA,NA,55,10,0.5,4.4,"sentino",4,1.7
"715","Lutjanidae1","2022-07-19_fieldtrip2_lutjanidae_plate1",2.26669899622599,39.6477457682292,82.7568740844727,NA,NA,NA,65,10,0.5,4.4,"sentino",4,1.7
"716","16S","2022-10-14_fieldtrip2_16S_plate2",0.603454177578291,28.6622835795085,73.2036552429199,NA,NA,NA,55,10,0.5,4.4,"sentino",2,4.1
"716","16SNEST","2022-10-24_fieldtrip2_16SNEST_plate2",1.10972702503204,32.6243947347005,80.9048563639323,77.7931060791016,80.5993347167969,65.4775301615397,55,10,0.5,4.4,"sentino",2,4.1
"716","Lutjanidae1","2022-07-19_fieldtrip2_lutjanidae_plate1",1.72723507881165,38.7605133056641,82.3098424275716,NA,NA,NA,65,10,0.5,4.4,"sentino",4,1.7
"717_WC","16S","2022-10-14_fieldtrip2_16S_plate2",0.0761032121566434,15.8421122233073,64.8069190979004,NA,NA,NA,55,10,0.5,4.4,"control_sentino",1,4.8
"717_WC","16SNEST","2022-10-24_fieldtrip2_16SNEST_plate2",0.278688604633014,40.9455935160319,81.2548573811849,NA,NA,NA,55,10,0.5,4.4,"control_sentino",1,4.8
"717_WC","Lutjanidae1","2022-07-19_fieldtrip2_lutjanidae_plate1",0.623850802580516,39.7153053283691,82.2380396525065,NA,NA,NA,65,10,0.5,4.4,"control_sentino",2,4.1
"718","16S","2022-10-14_fieldtrip2_16S_plate2",2.44830926259359,38.8227920532227,83.0792948404948,NA,NA,NA,55,10,0.5,4.4,"sentino",5,1.4
"718","16SNEST","2022-10-24_fieldtrip2_16SNEST_plate2",2.69253047307332,31.443442662557,82.804448445638,NA,NA,NA,55,10,0.5,4.4,"sentino",5,1.4
"718","Lutjanidae1","2022-07-19_fieldtrip2_lutjanidae_plate1",2.57613976796468,38.7934239705403,82.3049418131511,NA,NA,NA,65,10,0.5,4.4,"sentino",5,1.4
"719","16S","2022-10-14_fieldtrip2_16S_plate2",0.351812024911245,45.9122479756673,83.4674758911133,NA,NA,NA,55,10,0.5,4.4,"sentino",1,4.8
"719","16SNEST","2022-10-24_fieldtrip2_16SNEST_plate2",0.806253055731456,36.0297584533691,82.4796346028646,NA,NA,NA,55,10,0.5,4.4,"sentino",2,4.1
"719","Lutjanidae1","2022-07-19_fieldtrip2_lutjanidae_plate1",1.06238917509715,38.585334777832,82.3561477661133,NA,NA,NA,65,10,0.5,4.4,"sentino",2,4.1
"720","16S","2022-10-14_fieldtrip2_16S_plate2",1.67122864723206,41.3974761962891,83.2649129231771,NA,NA,NA,55,10,0.5,4.4,"sentino",3,2.5
"720","16SNEST","2022-10-24_fieldtrip2_16SNEST_plate2",2.43031732241313,32.3395074208577,82.109619140625,NA,NA,NA,55,10,0.5,4.4,"sentino",5,1.4
"720","Lutjanidae1","2022-07-19_fieldtrip2_lutjanidae_plate1",2.57141280174255,35.6254488627116,81.8172200520834,NA,NA,NA,65,10,0.5,4.4,"sentino",5,1.4
"721_WC","16S","2022-10-14_fieldtrip2_16S_plate2",0.562573495010536,13.5518391927083,65.6135482788086,NA,NA,NA,55,10,0.5,4.4,"control_sentino",2,4.1
"721_WC","16SNEST","2022-10-24_fieldtrip2_16SNEST_plate2",1.60452659924825,28.5581595102946,80.8343378702799,NA,NA,NA,55,10,0.5,4.4,"control_sentino",3,2.5
"721_WC","Lutjanidae1","2022-07-19_fieldtrip2_lutjanidae_plate1",1.81611522038778,35.0112584431966,84.8774871826172,NA,NA,NA,65,10,0.5,4.4,"control_sentino",4,1.7
"726","16S","2022-10-14_fieldtrip2_16S_plate2",0.119154033561548,15.7358703613281,77.0137545267741,NA,NA,NA,55,10,0.5,4.4,"sentino",1,4.8
"726","16SNEST","2022-10-24_fieldtrip2_16SNEST_plate2",2.03956937789917,32.5498886108398,81.6526896158854,72.1831143697103,66.2416496276855,NA,55,10,0.5,4.4,"sentino",4,1.7
"726","Lutjanidae1","2022-07-19_fieldtrip2_lutjanidae_plate1",1.5843003988266,41.8223724365234,82.8706512451172,NA,NA,NA,65,10,0.5,4.4,"sentino",3,2.5
"727","16S","2022-10-14_fieldtrip2_16S_plate2",1.27313794692357,43.0608024597168,81.1759490966797,NA,NA,NA,55,10,0.5,4.4,"sentino",3,2.5
"727","16SNEST","2022-10-24_fieldtrip2_16SNEST_plate2",2.32693378130595,33.0594711303711,82.5162836710612,NA,NA,NA,55,10,0.5,4.4,"sentino",4,1.7
"727","Lutjanidae1","2022-07-19_fieldtrip2_lutjanidae_plate1",2.32140747706095,34.3301620483398,81.9173634847005,NA,NA,NA,65,10,0.5,4.4,"sentino",4,1.7
"728","16S","2022-10-14_fieldtrip2_16S_plate2",-0.00408267051291962,0,55.0003344217936,NA,NA,NA,55,10,0.5,4.4,"sentino",1,4.8
"728","16SNEST","2022-10-24_fieldtrip2_16SNEST_plate2",2.58866612116496,33.7214444478353,82.05517578125,NA,NA,NA,55,10,0.5,4.4,"sentino",5,1.4
"728","Lutjanidae1","2022-07-19_fieldtrip2_lutjanidae_plate1",2.14210518201193,38.7203330993653,81.5803731282552,NA,NA,NA,65,10,0.5,4.4,"sentino",4,1.7
"729_WC","16S","2022-10-14_fieldtrip2_16S_plate2",0.727357638378937,29.9245262145996,72.2488021850586,NA,NA,NA,55,10,0.5,4.4,"control_sentino",2,4.1
"729_WC","16SNEST","2022-10-24_fieldtrip2_16SNEST_plate2",2.55218561490377,32.0134270985921,81.5107701619466,82.4250233968099,NA,NA,55,10,0.5,4.4,"control_sentino",5,1.4
"729_WC","Lutjanidae1","2022-07-19_fieldtrip2_lutjanidae_plate1",2.40237482388814,34.5105527242025,81.9645690917969,NA,NA,NA,65,10,0.5,4.4,"control_sentino",5,1.4
"730","16S","2022-10-14_fieldtrip2_16S_plate2",0.203333769304057,15.2415936787923,67.578010559082,NA,NA,NA,55,10,0.5,4.4,"sentino",1,4.8
"730","16SNEST","2022-10-24_fieldtrip2_16SNEST_plate2",2.40702819824219,34.3686777750651,82.7679621378581,NA,NA,NA,55,10,0.5,4.4,"sentino",5,1.4
"730","Lutjanidae1","2022-07-19_fieldtrip2_lutjanidae_plate1",1.42872383197149,41.8717842102051,81.484494527181,NA,NA,NA,65,10,0.5,4.4,"sentino",3,2.5
"731","16S","2022-10-14_fieldtrip2_16S_plate2",0.0000970639230217807,0,55.0004005432129,NA,NA,NA,55,10,0.5,4.4,"sentino",1,4.8
"731","16SNEST","2022-10-24_fieldtrip2_16SNEST_plate2",2.81303850809733,34.0736796061198,82.4797821044922,NA,NA,NA,55,10,0.5,4.4,"sentino",5,1.4
"731","Lutjanidae1","2022-07-19_fieldtrip2_lutjanidae_plate1",2.13584911823273,37.6867599487305,84.9088668823242,NA,NA,NA,65,10,0.5,4.4,"sentino",4,1.7
"732","16S","2022-10-14_fieldtrip2_16S_plate2",1.2061261733373,42.3901456197103,83.2647832234701,NA,NA,NA,55,10,0.5,4.4,"sentino",3,2.5
"732","16SNEST","2022-10-24_fieldtrip2_16SNEST_plate2",1.82373523712158,33.8558311462402,82.9867833455404,NA,NA,NA,55,10,0.5,4.4,"sentino",4,1.7
"732","Lutjanidae1","2022-07-19_fieldtrip2_lutjanidae_plate1",2.06231172879537,36.9318631490072,82.1637115478516,NA,NA,NA,65,10,0.5,4.4,"sentino",4,1.7
"733_WC","16S","2022-10-14_fieldtrip2_16S_plate2",0.988991583387055,28.3179702758789,76.0820032755534,NA,NA,NA,55,10,0.5,4.4,"control_sentino",2,4.1
"733_WC","16SNEST","2022-10-24_fieldtrip2_16SNEST_plate2",2.00635027885437,28.3510004679362,80.7977752685547,NA,NA,NA,55,10,0.5,4.4,"control_sentino",4,1.7
"733_WC","Lutjanidae1","2022-07-19_fieldtrip2_lutjanidae_plate1",2.05548032124837,31.9413935343424,82.6755065917969,NA,NA,NA,65,10,0.5,4.4,"control_sentino",4,1.7
"734","16S","2022-10-14_fieldtrip2_16S_plate2",-0.00743853642294804,0,55.5690701802572,NA,NA,NA,55,10,0.5,4.4,"sentino",1,4.8
"734","16SNEST","2022-10-24_fieldtrip2_16SNEST_plate2",1.90494751930237,33.2184944152832,82.8227793375651,NA,NA,NA,55,10,0.5,4.4,"sentino",4,1.7
"734","Lutjanidae1","2022-07-19_fieldtrip2_lutjanidae_plate1",1.87999363740285,37.0998420715332,81.2655283610026,NA,NA,NA,65,10,0.5,4.4,"sentino",4,1.7
"735","16S","2022-10-14_fieldtrip2_16S_plate2",0.1701209001864,15.1321868896484,65.286065419515,NA,NA,NA,55,10,0.5,4.4,"sentino",1,4.8
"735","16SNEST","2022-10-24_fieldtrip2_16SNEST_plate2",2.64711435635885,33.8123474121094,82.5528793334961,NA,NA,NA,55,10,0.5,4.4,"sentino",5,1.4
"735","Lutjanidae1","2022-07-19_fieldtrip2_lutjanidae_plate1",1.82732228438059,40.1956926981608,81.9905598958333,NA,NA,NA,65,10,0.5,4.4,"sentino",4,1.7
"736","16S","2022-10-14_fieldtrip2_16S_plate2",-0.00692662895501901,0,55.4576148986816,NA,NA,NA,55,10,0.5,4.4,"sentino",1,4.8
"736","16SNEST","2022-10-24_fieldtrip2_16SNEST_plate2",0.994850993156433,42.3254559834798,82.6213277180989,NA,NA,NA,55,10,0.5,4.4,"sentino",2,4.1
"736","Lutjanidae1","2022-07-19_fieldtrip2_lutjanidae_plate1",1.76147266228994,38.8307647705078,80.941291809082,NA,NA,NA,65,10,0.5,4.4,"sentino",4,1.7
"737_WC","16S","2022-10-14_fieldtrip2_16S_plate2",0.29440971215566,48.0299479166667,80.8107655843099,NA,NA,NA,55,10,0.5,4.4,"control_sentino",1,4.8
"737_WC","16SNEST","2022-10-24_fieldtrip2_16SNEST_plate2",2.50286690394084,32.5324172973633,80.8526255289714,NA,NA,NA,55,10,0.5,4.4,"control_sentino",5,1.4
"737_WC","Lutjanidae1","2022-07-19_fieldtrip2_lutjanidae_plate1",2.37504688898722,36.305544535319,82.4740676879883,NA,NA,NA,65,10,0.5,4.4,"control_sentino",5,1.4
"738","16S","2022-10-14_fieldtrip2_16S_plate2",-0.0158766340464354,0,55.2209078470866,NA,NA,NA,55,10,0.5,4.4,"sentino",1,4.8
"738","16SNEST","2022-10-24_fieldtrip2_16SNEST_plate2",2.32162213325501,34.1707992553711,82.420778910319,NA,NA,NA,55,10,0.5,4.4,"sentino",4,1.7
"738","Lutjanidae1","2022-07-19_fieldtrip2_lutjanidae_plate1",2.42027457555135,36.8936831156413,81.9400304158529,NA,NA,NA,65,10,0.5,4.4,"sentino",5,1.4
"739","16S","2022-10-14_fieldtrip2_16S_plate2",0.939166943232219,42.8925450642904,83.3942082722982,NA,NA,NA,55,10,0.5,4.4,"sentino",2,4.1
"739","16SNEST","2022-10-24_fieldtrip2_16SNEST_plate2",1.56515192985535,32.4283587137858,83.3207372029622,NA,NA,NA,55,10,0.5,4.4,"sentino",3,2.5
"739","Lutjanidae1","2022-07-19_fieldtrip2_lutjanidae_plate1",1.77499457200368,35.7657063802083,81.7718760172526,NA,NA,NA,65,10,0.5,4.4,"sentino",4,1.7
"740","16S","2022-10-14_fieldtrip2_16S_plate2",0.804399465521176,28.6201998392741,73.2610664367676,NA,NA,NA,55,10,0.5,4.4,"sentino",2,4.1
"740","16SNEST","2022-10-24_fieldtrip2_16SNEST_plate2",1.55721926689148,33.4375089009603,84.5191828409831,80.0824610392253,NA,NA,55,10,0.5,4.4,"sentino",3,2.5
"740","Lutjanidae1","2022-07-19_fieldtrip2_lutjanidae_plate1",2.01057374477387,34.3250338236491,81.7086893717448,NA,NA,NA,65,10,0.5,4.4,"sentino",4,1.7
"741_WC","16S","2022-10-14_fieldtrip2_16S_plate2",1.16151713207364,28.0104993184408,71.9921849568685,NA,NA,NA,55,10,0.5,4.4,"control_sentino",3,2.5
"741_WC","16SNEST","2022-10-24_fieldtrip2_16SNEST_plate2",2.68897541364034,27.8994388580323,80.7429275512695,NA,NA,NA,55,10,0.5,4.4,"control_sentino",5,1.4
"741_WC","Lutjanidae1","2022-07-19_fieldtrip2_lutjanidae_plate1",2.42595227559408,35.3649730682373,82.5840352376302,NA,NA,NA,65,10,0.5,4.4,"control_sentino",5,1.4
"742","16S","2022-10-14_fieldtrip2_16S_plate2",2.42836499214172,39.3488883972168,83.4456431070964,NA,NA,NA,55,10,0.5,4.4,"sentino",5,1.4
"742","16SNEST","2022-10-24_fieldtrip2_16SNEST_plate2",2.6598207950592,28.9358501434326,83.1700592041015,NA,NA,NA,55,10,0.5,4.4,"sentino",5,1.4
"742","Lutjanidae1","2022-07-19_fieldtrip2_lutjanidae_plate1",2.34454242388407,35.5805308024089,85.9739227294922,80.9375940958659,NA,NA,65,10,0.5,4.4,"sentino",5,1.4
"743","16S","2022-10-14_fieldtrip2_16S_plate2",2.09640447298686,40.178518931071,83.8707987467448,NA,NA,NA,55,10,0.5,4.4,"sentino",4,1.7
"743","16SNEST","2022-10-24_fieldtrip2_16SNEST_plate2",1.82862289746603,35.038018544515,82.8820215861002,NA,NA,NA,55,10,0.5,4.4,"sentino",4,1.7
"743","Lutjanidae1","2022-07-19_fieldtrip2_lutjanidae_plate1",2.34975671768189,37.0125261942546,81.8625386555989,NA,NA,NA,65,10,0.5,4.4,"sentino",5,1.4
"744","16S","2022-10-14_fieldtrip2_16S_plate2",1.03484200313687,27.3198458353678,71.4847119649251,NA,NA,NA,55,10,0.5,4.4,"sentino",2,4.1
"744","16SNEST","2022-10-24_fieldtrip2_16SNEST_plate2",1.85333526134491,34.9869677225749,82.7482706705729,NA,NA,NA,55,10,0.5,4.4,"sentino",4,1.7
"744","Lutjanidae1","2022-07-19_fieldtrip2_lutjanidae_plate1",1.3757153848807,42.6483116149902,81.1969375610352,NA,NA,NA,65,10,0.5,4.4,"sentino",3,2.5
"745_WC","16S","2022-10-14_fieldtrip2_16S_plate2",1.30837969978651,42.2006988525391,76.5948969523112,NA,NA,NA,55,10,0.5,4.4,"control_sentino",3,2.5
"745_WC","16SNEST","2022-10-24_fieldtrip2_16SNEST_plate2",1.69131831328074,26.9370816548665,80.8343454996745,NA,NA,NA,55,10,0.5,4.4,"control_sentino",3,2.5
"745_WC","Lutjanidae1","2022-07-19_fieldtrip2_lutjanidae_plate1",2.05631558100383,35.1686426798503,83.2585601806641,NA,NA,NA,65,10,0.5,4.4,"control_sentino",4,1.7
"746","16S","2022-10-14_fieldtrip2_16S_plate2",2.27679431438446,39.0536638895671,83.2805633544922,NA,NA,NA,55,10,0.5,4.4,"sentino",4,1.7
"746","16SNEST","2022-10-24_fieldtrip2_16SNEST_plate2",2.17461442947387,33.412893931071,82.6033045450846,NA,NA,NA,55,10,0.5,4.4,"sentino",4,1.7
"746","Lutjanidae1","2022-07-19_fieldtrip2_lutjanidae_plate1",1.91887541611989,39.2377904256185,81.7032216389974,NA,NA,NA,65,10,0.5,4.4,"sentino",4,1.7
"747","16S","2022-10-14_fieldtrip2_16S_plate2",2.5459942817688,37.6519724527995,83.3207397460938,NA,NA,NA,55,10,0.5,4.4,"sentino",5,1.4
"747","16SNEST","2022-10-24_fieldtrip2_16SNEST_plate2",2.15893030166626,32.8782132466634,81.8214569091797,NA,NA,NA,55,10,0.5,4.4,"sentino",4,1.7
"747","Lutjanidae1","2022-07-19_fieldtrip2_lutjanidae_plate1",2.10104314486186,40.1218388875325,80.9122950236003,NA,NA,NA,65,10,0.5,4.4,"sentino",4,1.7
"748","16S","2022-10-14_fieldtrip2_16S_plate2",2.34289407730103,39.8462804158529,83.6296005249023,NA,NA,NA,55,10,0.5,4.4,"sentino",5,1.4
"748","16SNEST","2022-10-24_fieldtrip2_16SNEST_plate2",2.36748003959656,33.9801419576009,81.4524027506511,NA,NA,NA,55,10,0.5,4.4,"sentino",5,1.4
"748","Lutjanidae1","2022-07-19_fieldtrip2_lutjanidae_plate1",2.51521341005961,35.8145599365234,82.5094223022461,NA,NA,NA,65,10,0.5,4.4,"sentino",5,1.4
"749_WC","16S","2022-10-14_fieldtrip2_16S_plate3",0.785214175780615,45.8102277119954,80.6339263916016,NA,NA,NA,55,10,0.5,4.4,"control_sentino",2,4.1
"749_WC","16SNEST","2022-10-24_fieldtrip2_16SNEST_plate3",1.90462533632914,27.9143168131511,81.0670954386393,NA,NA,NA,55,10,0.5,4.4,"control_sentino",4,1.7
"749_WC","Lutjanidae1","2022-07-19_fieldtrip2_lutjanidae_plate1",2.42657176653544,30.4963493347168,86.7147852579753,NA,NA,NA,65,10,0.5,4.4,"control_sentino",5,1.4
"758_BC","16S","2022-10-14_fieldtrip2_16S_plate3",0.0138546613355477,0,56.0213801066081,NA,NA,NA,55,10,0.5,4.4,"control_bleach_sentino",1,4.8
"758_BC","16SNEST","2022-10-24_fieldtrip2_16SNEST_plate3",2.16502396265666,35.8941739400228,84.1643269856771,NA,NA,NA,55,10,0.5,4.4,"control_bleach_sentino",4,1.7
"758_BC","Lutjanidae1","2022-07-19_fieldtrip2_lutjanidae_plate1",2.11501550674439,32.7073364257812,81.9852498372396,NA,NA,NA,65,10,0.5,4.4,"control_bleach_sentino",4,1.7
"761","16S","2022-10-14_fieldtrip2_16S_plate3",1.05484819412232,28.582145690918,73.8864313761393,NA,NA,NA,55,10,0.5,4.4,"sentino",2,4.1
"761","16SNEST","2022-10-24_fieldtrip2_16SNEST_plate3",1.94131362438202,33.8159675598144,81.4735514322917,75.9617907206218,67.8424123128255,NA,55,10,0.5,4.4,"sentino",4,1.7
"761","Lutjanidae1","2022-07-19_fieldtrip2_lutjanidae_plate1",2.45927850405375,35.85333887736,82.8887939453125,NA,NA,NA,65,10,0.5,4.4,"sentino",5,1.4
"762","16S","2022-10-14_fieldtrip2_16S_plate3",1.0945865555356,27.3700065612793,83.5854771931966,NA,NA,NA,55,10,0.5,4.4,"sentino",2,4.1
"762","16SNEST","2022-10-24_fieldtrip2_16SNEST_plate3",1.39444287618001,32.6311976114909,81.0481897989909,NA,NA,NA,55,10,0.5,4.4,"sentino",3,2.5
"762","Lutjanidae1","2022-07-19_fieldtrip2_lutjanidae_plate1",1.96420749028524,39.6979103088379,78.6338806152344,NA,NA,NA,65,10,0.5,4.4,"sentino",4,1.7
"763","16S","2022-10-14_fieldtrip2_16S_plate3",1.23721388975779,42.6459210713704,82.9592564900716,NA,NA,NA,55,10,0.5,4.4,"sentino",3,2.5
"763","16SNEST","2022-10-24_fieldtrip2_16SNEST_plate3",1.61509823799133,32.4117673238118,81.4871495564779,64.6225560506185,NA,NA,55,10,0.5,4.4,"sentino",3,2.5
"763","Lutjanidae1","2022-07-19_fieldtrip2_lutjanidae_plate1",2.0203552643458,36.4428278605143,82.4093449910482,NA,NA,NA,65,10,0.5,4.4,"sentino",4,1.7
"764_WC","16S","2022-10-14_fieldtrip2_16S_plate3",-0.0099973329342902,0,55.0368944803874,NA,NA,NA,55,10,0.5,4.4,"control_sentino",1,4.8
"764_WC","16SNEST","2022-10-24_fieldtrip2_16SNEST_plate3",1.29748845100403,30.7656110127767,80.9572626749675,NA,NA,NA,55,10,0.5,4.4,"control_sentino",3,2.5
"764_WC","Lutjanidae1","2022-07-19_fieldtrip2_lutjanidae_plate1",2.11862905820211,33.3360837300618,82.8496704101563,NA,NA,NA,65,10,0.5,4.4,"control_sentino",4,1.7
"765","16S","2022-10-14_fieldtrip2_16S_plate3",1.02979992547383,26.857728322347,74.2694803873698,NA,NA,NA,55,10,0.5,4.4,"sentino",2,4.1
"765","16SNEST","2022-10-24_fieldtrip2_16SNEST_plate3",1.68470164140066,34.4858716328939,82.7556737263997,NA,NA,NA,55,10,0.5,4.4,"sentino",3,2.5
"765","Lutjanidae1","2022-07-19_fieldtrip2_lutjanidae_plate1",1.80897076924642,40.232728322347,81.9360631306966,NA,NA,NA,65,10,0.5,4.4,"sentino",4,1.7
"766","16S","2022-10-14_fieldtrip2_16S_plate3",1.45765212193752,26.6690737406413,76.6412162780762,NA,NA,NA,55,10,0.5,4.4,"sentino",3,2.5
"766","16SNEST","2022-10-24_fieldtrip2_16SNEST_plate3",1.72234344482422,31.6861057281494,81.7630335489909,NA,NA,NA,55,10,0.5,4.4,"sentino",3,2.5
"766","Lutjanidae1","2022-07-19_fieldtrip2_lutjanidae_plate1",2.49102123578389,36.1787999471029,82.53515625,NA,NA,NA,65,10,0.5,4.4,"sentino",5,1.4
"767","16S","2022-10-14_fieldtrip2_16S_plate3",1.49313908815384,43.7636413574219,82.6520690917969,NA,NA,NA,55,10,0.5,4.4,"sentino",3,2.5
"767","16SNEST","2022-10-24_fieldtrip2_16SNEST_plate3",2.27190359433492,33.3861592610677,81.1391474405925,79.8798650105794,NA,NA,55,10,0.5,4.4,"sentino",4,1.7
"767","Lutjanidae1","2022-07-19_fieldtrip2_lutjanidae_plate1",2.20557594299316,36.7128829956055,84.4243774414062,NA,NA,NA,65,10,0.5,4.4,"sentino",4,1.7
"768_WC","16S","2022-10-14_fieldtrip2_16S_plate3",-0.00355229234749762,0,55.9667599995931,NA,NA,NA,55,10,0.5,4.4,"control_sentino",1,4.8
"768_WC","16SNEST","2022-10-24_fieldtrip2_16SNEST_plate3",1.61666067441304,32.2626012166341,80.9572270711263,NA,NA,NA,55,10,0.5,4.4,"control_sentino",3,2.5
"768_WC","Lutjanidae1","2022-07-19_fieldtrip2_lutjanidae_plate1",1.83115228017171,34.644287109375,76.9662221272786,NA,NA,NA,65,10,0.5,4.4,"control_sentino",4,1.7
"769","16S","2022-10-14_fieldtrip2_16S_plate3",1.09943745533625,43.8219680786133,82.452761332194,NA,NA,NA,55,10,0.5,4.4,"sentino",2,4.1
"769","16SNEST","2022-10-24_fieldtrip2_16SNEST_plate3",1.50260941187541,34.2463048299154,82.1150792439779,80.5047276814779,86.7479298909505,81.0904337565104,55,10,0.5,4.4,"sentino",3,2.5
"769","Lutjanidae1","2022-07-19_fieldtrip2_lutjanidae_plate1",1.96019891897837,39.5063667297363,82.0463155110677,NA,NA,NA,65,10,0.5,4.4,"sentino",4,1.7
"770","16S","2022-10-14_fieldtrip2_16S_plate3",1.73494255542755,40.8272565205892,83.8768005371094,NA,NA,NA,55,10,0.5,4.4,"sentino",4,1.7
"770","16SNEST","2022-10-24_fieldtrip2_16SNEST_plate3",1.47615647315979,33.8166834513346,81.9096857706706,77.8964487711589,68.3487065633138,75.3823738098145,55,10,0.5,4.4,"sentino",3,2.5
"770","Lutjanidae1","2022-07-19_fieldtrip2_lutjanidae_plate1",2.26716907819112,35.4200019836426,83.213373819987,NA,NA,NA,65,10,0.5,4.4,"sentino",4,1.7
"771","16S","2022-10-14_fieldtrip2_16S_plate3",1.64421180884043,38.7757364908854,83.7249552408854,NA,NA,NA,55,10,0.5,4.4,"sentino",3,2.5
"771","16SNEST","2022-10-24_fieldtrip2_16SNEST_plate3",0.989576955636342,33.8104464213053,83.2270991007487,NA,NA,NA,55,10,0.5,4.4,"sentino",2,4.1
"771","Lutjanidae1","2022-07-19_fieldtrip2_lutjanidae_plate1",2.04225027561188,37.4671147664388,82.3714192708333,NA,NA,NA,65,10,0.5,4.4,"sentino",4,1.7
"772_WC","16S","2022-10-14_fieldtrip2_16S_plate3",0.870814227809509,28.8526204427083,64.990956624349,NA,NA,NA,55,10,0.5,4.4,"control_sentino",2,4.1
"772_WC","16SNEST","2022-10-24_fieldtrip2_16SNEST_plate3",1.9566791454951,31.350004196167,80.9206059773763,NA,NA,NA,55,10,0.5,4.4,"control_sentino",4,1.7
"772_WC","Lutjanidae1","2022-07-19_fieldtrip2_lutjanidae_plate1",2.37681770324707,32.4222291310628,83.1602300008138,NA,NA,NA,65,10,0.5,4.4,"control_sentino",5,1.4
"781","16S","2022-10-14_fieldtrip2_16S_plate3",1.2249009765995,27.2024586995443,74.5026473999023,NA,NA,NA,55,10,0.5,4.4,"sentino",3,2.5
"781","16SNEST","2022-10-24_fieldtrip2_16SNEST_plate3",1.69870289166768,33.4968490600586,81.4558537801107,NA,NA,NA,55,10,0.5,4.4,"sentino",3,2.5
"781","Lutjanidae1","2022-07-19_fieldtrip2_lutjanidae_plate1",2.15077964464823,36.5475730895996,82.2660268147786,NA,NA,NA,65,10,0.5,4.4,"sentino",4,1.7
"782","16S","2022-10-14_fieldtrip2_16S_plate3",1.49062653382619,41.6131896972656,82.6373112996419,NA,NA,NA,55,10,0.5,4.4,"sentino",3,2.5
"782","16SNEST","2022-10-24_fieldtrip2_16SNEST_plate3",1.94781645139059,33.3296610514323,82.7345962524414,NA,NA,NA,55,10,0.5,4.4,"sentino",4,1.7
"782","Lutjanidae1","2022-07-19_fieldtrip2_lutjanidae_plate1",2.62214946746826,34.59703318278,82.2603556315104,NA,NA,NA,65,10,0.5,4.4,"sentino",5,1.4
"783","16S","2022-10-14_fieldtrip2_16S_plate3",0.00445103528909385,0,57.4558143615723,NA,NA,NA,55,10,0.5,4.4,"sentino",1,4.8
"783","16SNEST","2022-10-24_fieldtrip2_16SNEST_plate3",0.333014498154322,38.5637130737305,83.2271855672201,NA,NA,NA,55,10,0.5,4.4,"sentino",1,4.8
"783","Lutjanidae1","2022-07-19_fieldtrip2_lutjanidae_plate1",0.638897637526194,39.7049001057943,82.0792388916015,NA,NA,NA,65,10,0.5,4.4,"sentino",2,4.1
"784_WC","16S","2022-10-14_fieldtrip2_16S_plate3",0.268382993526757,32.1954778035482,71.773868560791,NA,NA,NA,55,10,0.5,4.4,"control_sentino",1,4.8
"784_WC","16SNEST","2022-10-24_fieldtrip2_16SNEST_plate3",2.23761105537414,35.3536936442057,84.3798980712891,79.5038503011068,NA,NA,55,10,0.5,4.4,"control_sentino",4,1.7
"784_WC","Lutjanidae1","2022-07-19_fieldtrip2_lutjanidae_plate1",2.29915992418925,31.8509775797526,82.2096125284831,NA,NA,NA,65,10,0.5,4.4,"control_sentino",4,1.7
"785","16S","2022-10-14_fieldtrip2_16S_plate3",2.12754340966542,40.7262941996257,83.4735921223958,NA,NA,NA,55,10,0.5,4.4,"sentino",4,1.7
"785","16SNEST","2022-10-24_fieldtrip2_16SNEST_plate3",1.89385223388672,33.151496887207,80.6674880981445,NA,NA,NA,55,10,0.5,4.4,"sentino",4,1.7
"785","Lutjanidae1","2022-07-19_fieldtrip2_lutjanidae_plate1",2.37832204500834,29.6603171030681,83.1449762980143,NA,NA,NA,65,10,0.5,4.4,"sentino",5,1.4
"786","16S","2022-10-14_fieldtrip2_16S_plate3",-0.00212662286746005,0,55.0551503499349,NA,NA,NA,55,10,0.5,4.4,"sentino",1,4.8
"786","16SNEST","2022-10-24_fieldtrip2_16SNEST_plate3",1.06858742237091,36.5714314778646,83.6508229573568,87.7921193440755,66.8229993184408,NA,55,10,0.5,4.4,"sentino",2,4.1
"786","Lutjanidae1","2022-07-19_fieldtrip2_lutjanidae_plate1",1.6582225561142,39.3375333150228,81.8204549153646,NA,NA,NA,65,10,0.5,4.4,"sentino",3,2.5
"787","16S","2022-10-14_fieldtrip2_16S_plate3",0.495539143681526,30.9095942179362,72.0639330546061,NA,NA,NA,55,10,0.5,4.4,"sentino",1,4.8
"787","16SNEST","2022-10-24_fieldtrip2_16SNEST_plate3",1.55224680900574,34.9897092183431,84.8761545817057,72.9880396525065,63.2445068359375,91.4142405192057,55,10,0.5,4.4,"sentino",3,2.5
"787","Lutjanidae1","2022-07-19_fieldtrip2_lutjanidae_plate1",2.1542006333669,35.2243792215983,82.5181121826172,NA,NA,NA,65,10,0.5,4.4,"sentino",4,1.7
"788_WC","16S","2022-10-14_fieldtrip2_16S_plate3",0.0398783133520433,0,64.006352742513,NA,NA,NA,55,10,0.5,4.4,"control_sentino",1,4.8
"788_WC","16SNEST","2022-10-24_fieldtrip2_16SNEST_plate3",1.30856863657634,33.3030637105306,81.8369801839193,NA,NA,NA,55,10,0.5,4.4,"control_sentino",3,2.5
"788_WC","Lutjanidae1","2022-07-19_fieldtrip2_lutjanidae_plate1",2.27089587847392,30.503246307373,83.2333170572917,NA,NA,NA,65,10,0.5,4.4,"control_sentino",4,1.7
"789_BC","16S","2022-10-14_fieldtrip2_16S_plate3",0.49507474899292,30.8587176005046,72.2283935546875,NA,NA,NA,55,10,0.5,4.4,"control_bleach_sentino",1,4.8
"789_BC","16SNEST","2022-10-24_fieldtrip2_16SNEST_plate3",1.98739735285441,36.2721036275228,84.0879516601563,85.8301645914713,NA,NA,55,10,0.5,4.4,"control_bleach_sentino",4,1.7
"789_BC","Lutjanidae1","2022-07-19_fieldtrip2_lutjanidae_plate1",2.29428474108378,31.7054691314697,83.1592915852864,NA,NA,NA,65,10,0.5,4.4,"control_bleach_sentino",4,1.7
"798","16S","2022-10-14_fieldtrip2_16S_plate3",-0.0136733613908291,0,55.8575286865234,NA,NA,NA,55,10,0.5,4.4,"sentino",1,4.8
"798","16SNEST","2022-10-24_fieldtrip2_16SNEST_plate3",2.7656253973643,36.7151311238607,84.3315989176433,NA,NA,NA,55,10,0.5,4.4,"sentino",5,1.4
"798","Lutjanidae1","2022-07-19_fieldtrip2_lutjanidae_plate1",2.44725775718689,37.6719233194987,82.2663167317708,NA,NA,NA,65,10,0.5,4.4,"sentino",5,1.4
"799","16S","2022-10-14_fieldtrip2_16S_plate3",0.058812847516189,16.573070526123,64.4827995300293,NA,NA,NA,55,10,0.5,4.4,"sentino",1,4.8
"799","16SNEST","2022-10-24_fieldtrip2_16SNEST_plate3",2.41216293970744,34.6830215454101,83.8160120646159,82.2594858805339,74.0669860839844,78.023998260498,55,10,0.5,4.4,"sentino",5,1.4
"799","Lutjanidae1","2022-07-19_fieldtrip2_lutjanidae_plate1",1.97522890567779,41.5872421264648,81.6372833251953,NA,NA,NA,65,10,0.5,4.4,"sentino",4,1.7
"800","16S","2022-10-14_fieldtrip2_16S_plate3",0.356017767762144,14.9752553304036,63.9303080240886,NA,NA,NA,55,10,0.5,4.4,"sentino",1,4.8
"800","16SNEST","2022-10-24_fieldtrip2_16SNEST_plate3",2.08459885915121,34.1496963500977,81.9461212158203,85.3670476277669,79.6236572265625,69.1416244506836,55,10,0.5,4.4,"sentino",4,1.7
"800","Lutjanidae1","2022-07-19_fieldtrip2_lutjanidae_plate1",2.18828256924947,34.9568112691244,82.6103973388672,NA,NA,NA,65,10,0.5,4.4,"sentino",4,1.7
"801_WC","16S","2022-10-14_fieldtrip2_16S_plate3",-0.0522338431328535,0,55.128049214681,NA,NA,NA,55,10,0.5,4.4,"control_sentino",1,4.8
"801_WC","16SNEST","2022-10-24_fieldtrip2_16SNEST_plate3",2.24943248430888,35.1954956054687,81.9444046020508,86.8859685262044,75.7854080200196,72.3144989013672,55,10,0.5,4.4,"control_sentino",4,1.7
"801_WC","Lutjanidae1","2022-07-19_fieldtrip2_lutjanidae_plate1",2.39778701464335,35.2631301879883,82.0997314453125,NA,NA,NA,65,10,0.5,4.4,"control_sentino",5,1.4
"809","16S","2022-10-17_griffin_16S_plate1",1.20777879158656,42.3769493103027,84.0668818155924,85.401730855306,NA,NA,55,10,0.5,4.4,"sentino",3,2.5
"809","Lutjanidae1","2022-10-12_griffin_lutjanidae1_plate1",2.13392551740011,37.1393241882324,82.4390106201172,NA,NA,NA,65,10,0.5,4.4,"sentino",4,1.7
"824_EEC","16S","2022-10-14_fieldtrip2_16S_plate3",1.37701519330343,44.5287539164225,74.1256866455078,70.4427795410156,NA,NA,55,10,0.5,4.4,"control_extraction",3,2.5
"824_EEC","16SNEST","2022-10-24_fieldtrip2_16SNEST_plate3",2.67519974708557,37.0016682942708,84.3804143269857,NA,NA,NA,55,10,0.5,4.4,"control_extraction",5,1.4
"824_EEC","Lutjanidae1","2022-07-19_fieldtrip2_lutjanidae_plate1",1.748934785525,38.6918983459473,78.4535115559896,NA,NA,NA,65,10,0.5,4.4,"control_extraction",4,1.7
"825_EEC","16S","2022-10-14_fieldtrip2_16S_plate3",-0.00595182304581007,0,55.0008328755697,NA,NA,NA,55,10,0.5,4.4,"control_extraction",1,4.8
"825_EEC","16SNEST","2022-10-24_fieldtrip2_16SNEST_plate3",2.09998798370361,39.3907712300619,83.946907043457,NA,NA,NA,55,10,0.5,4.4,"control_extraction",4,1.7
"825_EEC","Lutjanidae1","2022-07-19_fieldtrip2_lutjanidae_plate1",2.251140832901,35.6771876017252,82.907096862793,NA,NA,NA,65,10,0.5,4.4,"control_extraction",4,1.7
"846_EEC","16S","2022-10-14_fieldtrip2_16S_plate3",-0.0156945002575715,0,55.1098721822103,NA,NA,NA,55,10,0.5,4.4,"control_extraction",1,4.8
"846_EEC","16SNEST","2022-10-24_fieldtrip2_16SNEST_plate3",2.4396177927653,35.7133318583171,81.1398518880209,NA,NA,NA,55,10,0.5,4.4,"control_extraction",5,1.4
"846_EEC","Lutjanidae1","2022-07-19_fieldtrip2_lutjanidae_plate1",2.31803480784098,37.2078666687012,82.2606913248698,NA,NA,NA,65,10,0.5,4.4,"control_extraction",4,1.7
"BLANK01","Lutjanidae1","2022-07-19_fieldtrip2_lutjanidae_plate1",2.89378547668457,31.7576077779134,83.2915471394857,NA,NA,NA,65,10,0.5,4.4,"control_PCR",5,1.4
"BLANK02","Lutjanidae1","2022-07-19_fieldtrip2_lutjanidae_plate1",2.61084628105164,32.9031016031901,83.250742594401,NA,NA,NA,65,10,0.5,4.4,"control_PCR",5,1.4
"BLANK03","16S","2022-07-19_fieldtrip2_16S_plate1",1.52642293771108,44.253662109375,80.827641805013,NA,NA,NA,55,10,0.5,4.4,"control_PCR",3,2.5
"BLANK04","16S","2022-10-14_fieldtrip2_16S_plate3",0.974379889667033,29.1635513305664,72.0780423482259,NA,NA,NA,55,10,0.5,4.4,"control_PCR",2,4.1
"BLANK05","16SNEST","2022-11-10_fieldtrip2_16SNEST_plate1",2.72291962305705,37.1806468963623,84.1014531453451,NA,NA,NA,55,10,0.5,4.4,"control_PCR",5,1.4
"BLANK06","Lutjanidae1","2022-10-12_griffin_lutjanidae1_plate1",2.83406392733256,35.3220863342285,83.1526641845703,NA,NA,NA,65,10,0.5,4.4,"control_PCR",5,1.4
"BLANK07","16S","2022-10-17_griffin_16S_plate1",2.66405733426412,39.1031277974447,80.6363830566406,NA,NA,NA,55,10,0.5,4.4,"control_PCR",5,1.4
"BLANK08","16SNEST","2022-10-24_fieldtrip2_16SNEST_plate3",2.83345357577006,36.5034561157227,84.1245930989583,NA,NA,NA,55,10,0.5,4.4,"control_PCR",5,1.4
"EEC1","16S","2022-10-17_griffin_16S_plate1",1.27938757340113,43.0785903930664,80.0156860351563,NA,NA,NA,55,10,0.5,4.4,"control_extraction",3,2.5
"EEC1","Lutjanidae1","2022-10-12_griffin_lutjanidae1_plate1",2.54686800638835,36.8727531433105,81.9649353027344,NA,NA,NA,65,10,0.5,4.4,"control_extraction",5,1.4
"EEC2","16S","2022-10-17_griffin_16S_plate1",1.02780539294084,44.3216247558594,74.2512385050456,NA,NA,NA,55,10,0.5,4.4,"control_extraction",2,4.1
"EEC2","Lutjanidae1","2022-10-12_griffin_lutjanidae1_plate1",2.68780318895976,36.9991823832194,82.9513575236002,NA,NA,NA,65,10,0.5,4.4,"control_extraction",5,1.4
"EEC3","16S","2022-10-17_griffin_16S_plate1",0.270732820034027,19.0182689030965,63.9414215087891,NA,NA,NA,55,10,0.5,4.4,"control_extraction",1,4.8
"EEC3","Lutjanidae1","2022-10-12_griffin_lutjanidae1_plate1",2.59694377581279,38.5758285522461,82.0229085286458,NA,NA,NA,65,10,0.5,4.4,"control_extraction",5,1.4
